{
    "formatVersion": 1,
    "+libraries": [
        {
            "name": "net.minecraft:launchwrapper:1.12"
        },
        {
            "name": "optifine:OptiFine:1.12.2_HD_U_G5",
            "MMC-hint": "local",
            "MMC-filename": "OptiFine_1.12.2_HD_U_G5.jar"
        }
    ],
    "+tweakers": [ "optifine.OptiFineTweaker" ],
    "fileId": "optifine.OptiFine",
    "mainClass": "net.minecraft.launchwrapper.Launch",
    "requires": [
        {
            "uid": "net.minecraft",
            "equals": "1.12.2"
        }
    ],
    "name": "OptiFine",
    "version": "1.12.2_HD_U_G5"
}