{
    "components": [
        {
            "cachedName": "LWJGL 2",
            "cachedVersion": "2.9.4-nightly-20150209",
            "cachedVolatile": true,
            "dependencyOnly": true,
            "uid": "org.lwjgl",
            "version": "2.9.4-nightly-20150209"
        },
        {
            "cachedName": "Minecraft",
            "cachedRequires": [
                {
                    "suggests": "2.9.4-nightly-20150209",
                    "uid": "org.lwjgl"
                }
            ],
            "cachedVersion": "b1.2_02",
            "important": true,
            "uid": "net.minecraft",
            "version": "b1.2_02"
        },
        {
            "cachedName": "Google GSON 2.8.8",
            "uid": "com.google.code.gson.gson"
        },
        {
            "cachedName": "CapeMod (Minecraft Beta 1.3_01)",
            "uid": "customjar"
        }
    ],
    "formatVersion": 1
}
